[
    {
        "timestamp": "2025-03-14 23:57:30",
        "co": 5.1,
        "no2": 7.2,
        "pm25": 14,
        "temperature": 25.30,
        "humidity": 49.00,
        "traffic_volume": 50,
        "average_speed": 42.5,
        "vehicle_count": 30,
        "light_status": "green",
        "rain": 400
    },
    {
        "timestamp": "2025-03-14 23:59:00",
        "co": 4.3,
        "no2": 6.5,
        "pm25": 12,
        "temperature": 24.80,
        "humidity": 52.00,
        "traffic_volume": 45,
        "average_speed": 47.0,
        "vehicle_count": 28,
        "light_status": "red",
        "rain": 200
    },
    {
        "timestamp": "2025-03-15 00:02:15",
        "co": 3.8,
        "no2": 5.7,
        "pm25": 11,
        "temperature": 26.10,
        "humidity": 48.00,
        "traffic_volume": 55,
        "average_speed": 40.0,
        "vehicle_count": 35,
        "light_status": "red",
        "rain": 300
    },
    {
        "timestamp": "2025-03-15 00:05:45",
        "co": 4.9,
        "no2": 6.8,
        "pm25": 15,
        "temperature": 27.50,
        "humidity": 46.00,
        "traffic_volume": 60,
        "average_speed": 38.0,
        "vehicle_count": 40,
        "light_status": "green",
        "rain": 500
    },
    {
        "timestamp": "2025-03-15 00:10:00",
        "co": 5.2,
        "no2": 7.5,
        "pm25": 16,
        "temperature": 28.30,
        "humidity": 45.00,
        "traffic_volume": 70,
        "average_speed": 35.0,
        "vehicle_count": 50,
        "light_status": "red",
        "rain": 550
    }
]
