[
    {
        "sensorType": "AirQualitySensor",
        "timestamp": "2024-11-09 11:07:00",
        "data": {
            "co": 5.5,
            "no2": 13.3,
            "pm25": 53
        }
    },
    {
        "sensorType": "AirQualitySensor",
        "timestamp": "2024-11-09 11:07:09",
        "data": {
            "co": 5.5,
            "no2": 13.3,
            "pm25": 53
        }
    },
    {
        "sensorType": "AirQualitySensor",
        "timestamp": "2024-11-09 11:09:56",
        "data": {
            "co": 5.5,
            "no2": 13.3,
            "pm25": 53
        }
    },
    {
        "sensorType": "AirQualitySensor",
        "timestamp": "2024-11-09 11:10:05",
        "data": {
            "co": 5.5,
            "no2": 13.3,
            "pm25": 53
        }
    },
    {
        "sensorType": "AirQualitySensor",
        "timestamp": "2024-11-09 11:10:14",
        "data": {
            "co": 5.5,
            "no2": 13.3,
            "pm25": 53
        }
    },
    {
        "sensorType": "AirQualitySensor",
        "timestamp": "2024-11-09 11:10:23",
        "data": {
            "co": 5.5,
            "no2": 13.3,
            "pm25": 53
        }
    },
    {
        "sensorType": "AirQualitySensor",
        "timestamp": "2024-11-09 11:10:32",
        "data": {
            "co": 5.5,
            "no2": 13.3,
            "pm25": 53
        }
    },
    {
        "sensorType": "AirQualitySensor",
        "timestamp": "2024-11-09 11:10:42",
        "data": {
            "co": 5.5,
            "no2": 13.3,
            "pm25": 53
        }
    },
    {
        "sensorType": "AirQualitySensor",
        "timestamp": "2024-11-09 11:10:50",
        "data": {
            "co": 5.5,
            "no2": 13.3,
            "pm25": 53
        }
    },
    {
        "sensorType": "AirQualitySensor",
        "timestamp": "2024-11-09 11:10:59",
        "data": {
            "co": 5.5,
            "no2": 13.3,
            "pm25": 53
        }
    },
    {
        "sensorType": "AirQualitySensor",
        "timestamp": "2024-11-09 11:11:08",
        "data": {
            "co": 5.5,
            "no2": 13.3,
            "pm25": 53
        }
    },
    {
        "sensorType": "AirQualitySensor",
        "timestamp": "2024-11-09 12:41:06",
        "data": {
            "co": 4.6,
            "no2": 13.8,
            "pm25": 61
        }
    },
    {
        "sensorType": "AirQualitySensor",
        "timestamp": "2024-11-09 12:41:15",
        "data": {
            "co": 4.9,
            "no2": 13.8,
            "pm25": 61
        }
    },
    {
        "sensorType": "AirQualitySensor",
        "timestamp": "2024-11-09 12:41:25",
        "data": {
            "co": 4.9,
            "no2": 13.8,
            "pm25": 61
        }
    },
    {
        "sensorType": "AirQualitySensor",
        "timestamp": "2024-11-09 12:41:34",
        "data": {
            "co": 4.9,
            "no2": 13.8,
            "pm25": 61
        }
    },
    {
        "sensorType": "AirQualitySensor",
        "timestamp": "2024-11-09 12:41:43",
        "data": {
            "co": 4.9,
            "no2": 13.8,
            "pm25": 61
        }
    }
]